sourceUuid,vipArticleUuid,vipArticleTitle
ts_5e4b30592a94470c9b1150d7058519d6_4,np_Jy8_fMxB3yGq828oK2gtmEnZIayqOyR9OirKEtt1oP5VJQ,第21章：这小子很能打
b6be74b9abab403cb80cc3ec131628d6_4,np_IC86eZsUiiP9qT4hK2gqmxCPJKjyOSF8aC6eQNpyr_pVJQ,21.自毁前程
bd_656520b1d7fd49caa8f65bf23f5636b2_4,np_eWo6c4oUgBir-DsoLgQvzUjaf6r7VSU,第16章  火箭炮的厉害
3f28522cd4884ff587493bf90ed84d2e_4,np_dHppeZsQ2SX_qjIgK2MuzEmKdq3zOHQnOXvPF48mrvtVJQ,21.自毁前程
9b433ec7da1b46b88dd34460678a6453_4,np_JChqKM1F1nKg8jInK217y0nbJq36bCgqbCXLRY9_-_hVJQ,第十一章 交易
60b54f34c8d24376b4ce128da0057e3b_4,np_JCtiectD33Ou_jgmK2J-yBPfca2qPSd8YiucSIgjrKpVJQ,第16章  火箭炮的厉害
bca7e46e378242dca0dbf1d40010cb2f_4,np_KCc9JcQV3yT8qWslK25_zBCMcfz6aCB7bS3JF4wir_9VJQ,第二十一章金霞婶儿
9fd7d440959541359d9223443f481e49_4,np_dH44KMxIinD9rjMnK2oqyUncJKGvaHIta3_IQdd_oKpVJQ,第10章 突破底线
bd_41880030cfb24c08bb81acdaf33ed356_4,np_cnc0c5EYgCLG_TkiKWMpokPdGK0,第21章 彪悍闷棍女
6da0ef8cfc3e488d9dea1e1e9828b14e_4,np_KSdvLp5GiHT4_ToiK2MoyRDYIf38OSMsOHzMQIwlr6lVJQ,第十章 求饶
adccdc8c6ead4f8388e509a5e84f7023_4,np_KXliL59A3n79_mtwKzp_yxDcdvjyayd7OCvMRN92-_1VJQ,第19章：炎热
0dd6802e5fc248fabe139271ceebf2bd_4,np_dy1ufsVG23GrrmkoKzguxUiNcPz6bicmbCubR9d3qflVJQ,第16章:屋里有啥味儿
ts_dee067a3980445989033cf0820f52eea_4,np_c35peMxE3H-o-DsjK24pnEjYf66uPCImPSXLFN93_P1VJQ,第二十一章如果有事我会给你打电话的
5048d60c75bb47558466312370dbf622_4,np_cic-JMxI2yT7_z1zK24tzhPeJK2ubiMuYn_ISNxyqK1VJQ,第十三章犟嘴
bd_133dcbd1edfe4f70a0e6369e716cb549_4,np_Jy9veMxJjHCs_jIhK24oxRDbJf-tOyYmPS2cSN1zrfxVJQ,第019章 荷姐急诊
fd5a1eed2f2a4026b3cb251fea77bdad_4,np_cyY6KZ8U3XOvqWgmKz0omBPdIfj6bCYnan6YSYpy__lVJQ,第十五章怒怼成局长
a6bc87d3962f4ee6a39e9a2763f99809_4,np_JSg9L8gV1nCp-jgiK2goyUnbJf-oM3QnPyvIR9Z3-_hVJQ,第二十章 有几个姐姐
bd_9071b00cae784548848e25d3fa07c14e_4,np_d3o1epUEjyn-lDkhK2krxEaxdqj6PSQnbCuiRQ,第21章：谈入职的事情
7e4297ce2b264e40bd5d2ca37575f49e_4,np_cyg6LJwT136pqT8mK2soyEjXf_ytOCIoOSmYRtol_PJVJQ,第九章李松使坏
ts_b53111581a924dcfa13572696173c8f9_4,np_cypufJ4U33L4_TojK2wtnEmPdfr8M3N8bXjJQtYk-_lVJQ,第11章
bd_8712689d30d4411cb0eada7aac85809b_4,np_dCc_L55A3HCp-zkgKzgozUiMcan_OyZ-a3iYF9olqP9VJQ,第010章 后悔
d92fcc62f62f42b7b54b0f7ee21d3217_4,np_Iyg4KJlC33Sv_GwkKzkunBDcJv-tbicqY3vPSYtw-_1VJQ,21 我可能会管不住我的嘴
bd_f66429fa746e4f22b328663da0a3d098_4,np_Ii8-KM9F1yH__T11K2x5zUnbcvv8OyIrYnnJQ49y_61VJQ,第18章　棘手的病
f8b569ea43604ae68d6cb3483e02043a_4,np_IH1pJctC23OuqT4oKz0kyRDYIavyPyMqYyrPRdZ2r65VJQ,第10章 重大缺陷
c0b4b7cf02914221bdbb53fff9e389b8_4,np_IilpJMUV3iP6qTl1K2p4xEmKJPqvOiUobC_KR4xyoftVJQ,第22章：莫名其妙
ts_68f5f49695df4fe1a2941ff3c97a481a_4,np_IClrL84VinGt_jkiK257nxDfIav5MnQtaCqfE4wh_6hVJQ,第19章：暂时结盟
b89d33e023e848848ce9b32dbd61274c_4,np_cixuKZhC2yGu-jx1Kz8uzEiMJKnyOHItbyicR9Ym-PpVJQ,第11章：触电似的
472d5fd87d8c45cb9c5e2792189ee12d_4,np_IX5vLssS3XT7-2khK294nhOKdv37OCIvannNEN8k-_hVJQ,第010章 连夜审讯
28241920eabe422b98a760410d3a281a_4,np_dX5qLMUUiCKpr2woK2gkmUnWdar_bCcmbiScE9xw-vhVJQ,第十七章：伤心
41d7feb631764f0a957202ba2d74c0f6_4,np_dXpoK59G2377qD11Kz98zkjZJfj9P3UnOnifRd5xrfpVJQ,14
b05ed8aef205459db85bc8a62e4e4006_4,np_ICpvLJwUiCL4-jIlKzoumUjYfqv-b3R9PyjEEop1__tVJQ,第十二章陈英忍不住了
a96811e13e9f44f39686b68c8b5310b3_4,np_ISY9fslJin-urTwgK2otm0jYdar6PXR6OSmbQt0h-KhVJQ,第020章 跟踪
ts_3f3ea878a7da4db89b4f9db9c499846d_4,np_IHtqLpkXiHSo828oKz1-mBCMIqqtaSZ8YijOQYgloP5VJQ,第012章
ts_19689ad44a874f2e9bfe36b03752bddd_4,np_Jys5LMwViyH7qWl0K20ln0mNI6uobCgrb3nEE4hz_65VJQ,第16章   小家伙父亲人选
ts_0ca428e48cae4d02877ba5d2703ab5a7_4,np_Jyk9KM9H1iSh8zMkK2opykiKdqmtOHB9OnueQ9l___pVJQ,第022章 她真的醉了
ts_d7f2c8e075ec4bc3be2e764cc7472562_4,np_dCg-eJ9Ei3X6_ThwKz5_yUmPJqz6bnMuP3_PRdYh-q9VJQ,第10章完整的
bd_8d9b4cfd2275400c813ee5a0773d43f7_4,np_eXoyZJwfsXSq-zokQGwlyETYc8b_,第017章  木桌上的小棺材
ts_ccbb45b0f6dc4004861884c14ab255ea_4,np_cyZie5xI2iGurz4kK2J-n0iMdKD5biV-YyXNR49-rP1VJQ,第17章 发飙的小农民
36014008530e412d9ed7608960eba4df_4,np_dS9ufp8S2XSt_z0gKzgvmUmNIvqqPCJ5bS7OR4t_q61VJQ,20
168f45b84fcd49939a2e4f967c1e73e2_4,np_JytoKc8T3CL782gkK24vnknedPvzbiUsaH-YE4h3oK1VJQ,014 不要脸的婆娘
bd_a108ad2ad61a4beba4be2b98ea80ce0c_4,np_KHtjJZtCj3Svr2kpK20smxCPIv-qMnAqay7EQYh1-K1VJQ,第20章晦气
13d6e199a9764eb8ab8549d37823b101_4,np_KHs6eMsUj3-h8mwjK2klzEncc67_MnMubizOE9clrftVJQ,第014章为乡亲们服务
219324922e354edc91b745bcce026cfb_4,np_Iy1iKs9C1nWs8z50Kz0pmxPacP_-byQtbSScRo0jra9VJQ,第十一章需要点情调
bd_f64785e5f1e54dacac80655b4e989244_4,np_eWo6c4oUgBiq8jMmQGokxEHcd8b_,第十五章:间接暧昧
cd8eed5cbd6d403b8321a359f57534a1_4,np_dShtKptDjXerrm4jK20pxRDbcqv6OCEpbnjFRdcmr_xVJQ,第14章
2776082d08984222887bfac52597f3cc_4,np_cH1pf58S2CX7_zN3Kz9-nxCIcq_yOyV9PSzFQNl_q61VJQ,第０１２章我在研究下
bd_6adcc85c078943059b02d3dcbed6b0ce_4,np_KX5vJZgVjX_7qmxwKz4vy0iLc62tPiQvayrNSdh3rP5VJQ,第二十一章 把她送男人的床上
6725f1360e0f493488685f5ddee4cb82_4,np_cHxvK54V3iT9qjJwKz8tykjac__5PykoOn-cQYt2ofhVJQ,第九章 李松使坏
9cc63831542a4bd5aca2c6e4ca7bd05b_4,np_KS4_eZ5E2nH7_j0mK2wumxPcIaquPCIvOXycRN1z__tVJQ,第19章也许有误会
bd_a75e703c358a442d91b352ec185431ff_4,np_Iyo-JZ4UjCT_qGx3K2J-mUnZd6yqPHV-ay6YQ4t-qftVJQ,第22章　狗眼看人的服务员
5ba8dcabf1024b7e8b21d35bafea2456_4,np_dC49f5gTjSP8-T4oKz14mROKc635b3AtOivJF4p1_f5VJQ,第10章指导
ts_f65564a2d412419f98ed45b2911eb48b_4,np_Ji45e8oSinb_qTMmKz0qnxPaf_yvOCQubi3JSY8m-vtVJQ,第21章 你带身份证了吗
bd_368d1292599c41edbea2e464e6c1dbc3_4,np_JyhqJZwT2HX8-2t0Kz0pzxCMf6ipPCQmPn-fQNsirv1VJQ,第019章   总有一天要让你唱征服
ts_35f13cfb51bc4cb6a25b09b0c63173cc_4,np_IH05fplDi3WpqGhzK2p_yxOMc6j6OSF6PSzKQd90qPhVJQ,第二十一章 差点被抓
a1409362625f4ed09ea73bc43adad730_4,np_cilifJkU3ib8-Dh1K28pmxDXdKzza3MpaSnJSYx--qlVJQ,第10章 九死一生
124fe2b1cd604d49a3c2a5d0de239641_4,np_cio6JcpI2yWo_DwiK2MpmUmMcaCvP3Unbi6ZFdZ1rP9VJQ,第八章
eaff9a66f2c542f6b668d904dd4e778f_4,np_ISxsf55A1n-pqTp1K2oumxDff6iqaSQsYyjFQ48mq_tVJQ,19、上门挑衅
bd_e4de44be4f9141aab8b37803c9bcf5ce_4,np_cnc0c5EYgCLG_zkoLm4qokLfGK0,第二十章 刁蛮大小姐
ts_7094d23ea5444b3487074851604249a5_4,np_InxjKs8Q2iWg_mkiK2l4yBPdcP38OyMtbyyfENt_rP1VJQ,第17章 苏语芙说慌
bd_9da04e92c5744de4ad25f90cd710e52b_4,np_cnc0c5EYgCLG-jopJ2ksokXWGK0,第025章     二嫂乃女中豪杰啊
bd_a1163da2678d48d9b6387d10fa77acdf_4,np_dCxtLJhJi3L6rW91K20qmBCMf6j-b3B8ay-bSN5-oPxVJQ,第20章 扑朔迷离
f1857015f28c459594f80d7f28d5128a_4,np_JypjLs4T13Kv_z0pK28vn0iMcvz9bCZ6OiucFNhwra5VJQ,第16章 大房子
8949b1ddb0d64b268ac60ca56c6067a0_4,np_KSg4fs0T3iL98jlyK24umxPeIv2uMiIsOinERIh0qflVJQ,第13章饥饿的母狼
afae1a17bbec403996d0f736fd692f73_4,np_Jnpte8sT2CX__mhzK2gsy0jec6yobHAmb3mbFd0hqKpVJQ,第21章：在车里不小心碰了他
d4110d755dc141aeaaeb59e936dee75b_4,np_KS9te59B1nGrrz0hK2x5yhCNdvz_OCl6YyjOFYt3qfJVJQ,第15章：表白
207a9d5f85e7488e898e758203c0c247_4,np_cCZuLs1A33H7rzooK2N7mUjafqz7OXQvP3_IR4x3-KpVJQ,第017章
6e635d97c2544afdb3a9c52b3b43112b_4,np_dXpqJZlD3H76_GwpK2opnhOMdKr4byZ6bnnPR9ojrfpVJQ,第０１１章约在中午瓜田见
d9a53d2f1a0243e2b074081b01d9d297_4,np_JyptKc5GjXCh-zwjK2glyEnYfqGpOycuan6fENwlrf9VJQ,第16章樱桃熟了之一
c81b4284dc04476880cd90d76888f639_4,np_IClrfM5J2CWtqWlyKz14zkjZc635bil8ayvOQd0hqfNVJQ,【09】触动女主任心底
ts_e394889b64bc45d8ba6f8a70c9aae2a2_4,np_dytqfphGinSq8250Kz98zkmNIaz5aXB-OH6eE4oh-_pVJQ,11、
bd_8190c3840a0d4c4484cf4974ea9781ec_4,np_eWo6c4oUgBig81UgKmIozi7a,第21章 强势的叶云曼
ts_66ebf8464c884c038272c01c4bbbc9ba_4,np_ISZtKZgXjXOs-W8nKzgqzEmPI6_4OHd8YimYRtZy_PpVJQ,第二十章  好戏开锣
ts_5e4b30592a94470c9b1150d7058519d6_4,np_Jy8_fMxB3yGq828oK2gtmEnZIayqOyR9OirKEtt1oP5VJQ,第21章：这小子很能打
bd_f31537ff-9e0a-4253-9bff-295ae64ee830_4,-2,no vip article
bd_8600b73fd7e1444e943fbf4ee200af63_4,np_cnc0c5EYgCLG_TskKG9Cy0Gxcw,1-19 儿子的女朋友
7471da29c7074ee4b5377430b18148e2_4,np_d3lqKJtB2H-s8jokK29-zknadP_6PSAubyvISN9-_6hVJQ,第16章 屋里有啥味儿
ts_3d7947f22d6946519e6808090e5f91fe_4,np_c35pLcQV3CH4_DpwKzh7yBDZcqqqPyh-YyvMSI8j-61VJQ,第12章 再来一次
ts_dc4c1350dbff42f2afa9a103f8449ae2_4,np_dSs-LJxDi36o-jskK28sy0mKd_qtPHN6YijEEN12-KpVJQ,第21章身份
ts_d5703676ff7840dc965db5c07086fd2f_4,np_I3k5LpxG1ySu8jJzKz18n0iLfqqpMyB-birORI0j__lVJQ,第21章危局
ebbcb53505494cb1a9bbb06ed9b52a92_4,np_cH5ueMhE2HX98mgoKzp7n0mKda37OXV5OS7NE99_-PNVJQ,第十三章给你
dfca073f2b024dfdbeec3863e8be6c0e_4,np_JHxiJc5IiHKpqG90K2olzkiMcfz5OHIsaX6cRYhyqvxVJQ,14
ts_3ee2a7de506f418795976c0e86bcb8c4_4,np_JXliJZgV2Xag-zMgK2oqyEjbcq-oM3V6Yi-fR9tyrKlVJQ,第19章   看一眼再扔
bd_1fd85af53eed4022901a1a215377ba6c_4,np_eWo6c4oUgBis8jxOK2glzESxcw,第二十三章   楚小蝶
bd_e666f73ae6c646af92a3e004955d72f7_4,np_dHk-K55E2yT4_W90K20pnEiIJP_5OnN9P36ZQIx0-qhVJQ,第21章　三个条件
ts_176ee57afa37413f8a81d8658ed2e62e_4,np_JXtueMVCjHCqrz9zK2x4mRCIca_-aXV9P3-cFd9w-_hVJQ,第15章 孩子他爸是你！
bd_511b8aafac7b4e66affe1b29b743e8c4_4,np_dys4Ks5J2CWs_GskK21-mxDXc_rzaSQuY37OE9pyrK9VJQ,第21章　有没有受伤
69ee0ffe896940bb847a2c1f94cf84a5_4,np_IX5jJJkU3iKq-D4jKzgkzUiLcKH_OCgqOCzKRNoh_apVJQ,第二十章  龙有逆鳞触之必死
92ee7484bc584a35b9c35b3c4b53d967_4,np_dShtKc5D2Xeg-z4kK24vxUneJKqqM3IqaX6bRtwirvlVJQ,22 八卦绯闻
c724f26da90d4b36ab54fe721fbe4c03_4,np_KCw-fslCjX_8qTsnK28oz0mKcvyvMnJ6PnyeRI8hqP9VJQ,第12章 疗效
dd70fea84c1a456aae842581c94c334f_4,np_cyZtJcVH23KhrW4gKzl_z0mNcan_MnAnPSrJR90krfpVJQ,第七章美少妇口唇爆浆之乐
bd_de1e962b282c4a718bea300166fd0c8e_4,np_KX0-JMtG2HShqD4oK257zEmMcfytPCR9OC_KQIh3rK9VJQ,第二十章：冒牌男友
08a2bbc38f744a1aa4798cb441e8bc6b_4,np_ISw9LstG2Hb8qTMpK24szUnYcazyOHctaSycQtojoahVJQ,24、何去何从
c12eb79336194295bccaf33de02766f1_4,np_KHtvL89C1nP9-TkgK298mxDYcf2vaSd6PnzPSd8h-PxVJQ,第二十三章 文涵
ts_c2be2fc90eca40ff91531291e69a9d81_4,np_IX5se8pC2SL8rTkiK2p7nBCKcvypOicpbH-YFd0j-KhVJQ,第021章 遇难者
ecedc722d01247f0be70d25841ed0b4e_4,np_Ji1oLMsT2HX8qmwoKzl7zRCKfv_zbykrOH6ZSdl0rPhVJQ,第十四章灰溜溜逃走
abaa43828853444eaaddcc394def474e_4,np_cihpf8tE2XD7r24pK2glzkjYcKmtaCYmaSzEQYhy-_pVJQ,第十二章酒店的尴尬相遇
ts_3945ca53340a48c095af8935ad5658d0_4,np_JCo-KcRH3HaurTp1K28kzhPadvr4PyZ-bS_LRI0kqKpVJQ,第20章：不如一只狗
ts_ee676b226d28435a904aa579c1b39f24_4,np_Ins6JM1F2XSo_28mKz4uy0jXcKuvO3MqOizEENlzrvpVJQ,第九章 捅进肚子里去了
bd_db08049569e64e5591685d4487649c98_4,np_KHlof8oU2XWorjMgK28kzkjfcKuua3d8ay-YFdlxqq5VJQ,第019章：乡里的麻烦
bd_b35ba42bc4cd4a4ab6351dc0449404b2_4,np_eXoyZJwfsX-q8jgkQGksy0DbdKGUPg,第二十一章 人多不一定有用
ts_5d97b259236243dfadf5b3297f806b74_4,np_dyc9fsQS3HGp8j4kK294n0jdf66oOCYpOiqYQN8hr69VJQ,第20章   连环袭击
4ceb905ae48f4751af37948aee14b3e6_4,np_Jyo6f8QXjHCr8ztwK20lxEndc_3-bil7PSieQ9pxoP5VJQ,第十九章 屈辱下的爆发
a7501da7aa8b40bcbbcd66a0f5eccfd2_4,np_JS9ueMsU33-o8zxzK2ksnEjZdvqqOHUqOirJSYwiqP9VJQ,第12章 处男春梦
d0866af3d80e43bdae0a4839eeb21183_4,np_cHw5LMtIj3H4_2gnKz54zxPcc__9byl5bySbEN0irfxVJQ,第015章血汗学费
ts_17e93074464a4ef38be93abe79a68263_4,np_Ji1qe5sUj3agrm8oK2l5yknYcP2pOid9PSzPQN9__a9VJQ,第十七章　魔术
1fb4ba1dac0c4e74a541927d2d178210_4,np_ci49fJ9Ai3b8qTl0KzkuzhPeJfjzOncmaH_NRt0lof5VJQ,第21章 握力器当棍子用
bd_8b220ff6972e4102ba69a0f15a527b8c_4,np_KSg6f8pD2CKt_DslK20pyRPacP_zPyl7bS6eENh_-q5VJQ,第二十一章 来自高层的表扬
bd_557fab725d1f497cad789b143421c866_4,np_cHxjf8hH1yOv_DogKz8py0iIdKzyOiIuOnvJRo8l_fpVJQ,第17章　神秘的兰兰
bc34875450394b3f9a7c43b13fc22787_4,np_IShifp9H3nT78j8mK2gvyxDcf_qvbyF6bS3MSIt-qq9VJQ,20 不可思议
ts_5a421888e0184d139dcc8f9c84038ceb_4,np_cy1rJZlF2yahr28kK2otxUnbJKz7OXUpaXzNQYh3ra9VJQ,015 孤立无援
ts_a627d6081c494c6fb8ada7bb8a321625_4,np_JS5ieJkQiyL_8mgmKz4tmBCMJKCvOSUoPi-fSdd0rP9VJQ,第19章：你到底招惹了多少男人？
819190f452f1417ab82b5147aae46d63_4,np_JH5sJJgQjCOpr24pKzoszknYc6-uOHV5bi2ZF49wra9VJQ,第七章 小婉
2c1866767c97409887fdb7d14a2a8298_4,np_JiZjeckX2CGhrjkgKzkvn0iKcK3yPiUrayycQd0mof9VJQ,第十一章你爹和你娘说的
bd_4c23e2a64b8141adbdf4ad88b182fbbf_4,np_Yncyd5Qu3HWh_TonJwQszEHfdqr6PE4r,第21章　　怡然自得
e90e087add1247008b4ba5bfa3a6a9b2_4,np_dC9sLclH1nKp_z0oK20uxRCMdamqOXIoPSXJFdh_rq5VJQ,第9章 换了一个身份重新出现！
558ec3ae90204edb98f83c10aa5b52a4_4,np_InljKsQU3nSpqmh0K20om0jadP-pPnQraCyYQd4k-K5VJQ,第九章 故意压价
ts_e865ccaedce040e5975b64af563a29ca_4,np_cidsLc4SiiX7qDwoKzgozxONcf39PCAoaC3JRI0iqK9VJQ,第20章 得罪秦誉
ts_b1bfc100506640b6b769ef26ab2cb18c_4,np_KStvKMVDjHD6qjojKzl4nBOIf6_6bigqOC3LRN8m-v5VJQ,第17章  季总有私生子女
ts_a0b4261347c94c5f9d66261135d3f961_4,np_ICY9LcpJi3WrqWhzKzgtmUiIc6muM3MmP3ucEI0joP5VJQ,第14章 学着讨好我
bd_b62251ada06f4b1587d9164420ff7cd8_4,np_IiY9fp5G3iWh-zhyKzoszRDbIfv8MnAsY3vOQN9z__pVJQ,第021章 买内衣
ts_39dc943bd21f4222a529432352ba7bc6_4,np_Inw6eJ5EjXKrrW4jK2x_nxPZcPjybCctYyWbE9girvlVJQ,第0016章 狗眼看人低
bd_366d74cce6a74871a4f35ad4ac96c117_4,np_JHttf8VD3378_z5zK2gkmEjaI6_4MykqPXubRYsi-K9VJQ,第21章 太极推手
bd_800e84d4825543e1b9765bb3ce0570fb_4,np_eXoyZJwfsXSu8zIkQGMqzEPXcsb_,第十六章 霸道总裁要试婚
f2a366ccd4e4439ba8b585cde02bb069_4,np_ICc4KplFiH6srz4jKzoomUiIdq6vaSgtOH6fRtx_qPxVJQ,第18章 正义感
ts_d63c56eef6af414b88d350dd4f63fa63_4,np_cn5sLcxB3yT8-zIlK2slyxPfcPyqayIsby7FF9Z_q6pVJQ,第21章天妒红颜
63aa8b1f038944c48d8e3c6b07c255e9_4,np_Jyw4f8tFin79-zslKzl7zhPccP2pMncnay3LRYhzrK1VJQ,第21章 租房
ts_be90cfa2259a432190324c173eb00ba9_4,np_Jic9e8tHjHP7-D8iK2kvzBPWJPqvPHIvOXnNRtZy_KlVJQ,第12章打赌
ts_901c518759a64c0c927838734e404c91_4,np_JSlqKcVHjXKtqD1zKz0vnEjdd6qoPid5byXLFIt2q_lVJQ,第十五章   紧张
29fa9699e37b469ba9ee3afcc094cd16_4,np_dHxve8QQ2SSu8jMhK217xRDbIvioOCh-YynKR4ol-PNVJQ,第67章
d7c76c7567054edabddb80cd2926da57_4,np_cnxoJc1Ci3b4-T8oK20sxEmLJKj_PCF8b3_EFNlzrP1VJQ,第11章上天
ts_8c024eb43def4c6b882a927e8bee0ffd_4,np_IHw9KZ4U1iWt_jIiK24ryUjfcf2qPnN-OiSYF49--_tVJQ,第21章 我和你没关系
bd_8878fe47f801431d8634023f20976f27_4,np_eWo6c4oUgBio_TwjLQQsxEfedav8VSU,第21章 不能说的秘密
2165b8f763b84c019cb9474140256b4a_4,np_IyxtJM5AiCH6_TIkK294zRCNcK7-byl5OnjMRdd-qKpVJQ,第11章 丢死人了
428ffa5a28f74b1c9ba8fdcda9f2696f_4,np_JCtiK54T3Xat-D4hKz54xEiMIqj6OiJ6aiyYSIoi-6pVJQ,第十三章背着老公的刺激
bd_3a074f4556fa47cba1410b7b50955e1a_4,np_eXoyZJwfsXCt8jwpQGoqxEHZd66UPg,第020章 分手
696eff9e86ea45969c6e9ad9ccf0f64b_4,np_dHluL55FiHD__zooK2gkzBDWcf38OyV5YiXISdgh_69VJQ,第二十一章 ：峰回路转（三）
2a0369a2f1264942a3e35ac3b1c2706d_4,np_cCZpf89I33evrm5yK24ryknZJqv_aXd9PXvIQdl_rf5VJQ,第六章 每天都能喝
bd_47153a9346584bd0b3ebbd5e48723714_4,np_cidqJMpE13P7_Wl0K2p8zkiKJK74OXd-PyrEFNh3r6pVJQ,第23章　人参采的不对
ts_87ccfbf75c534b93b46458090616eab9_4,np_IHs_JJtFineo-DtzK2IvzBPZcP_8OXUmYnnMFNghrPlVJQ,第21章 夫妻间的小互动
7b9c5a6614ac433d9999534c47896920_4,np_Iic_KsVB23OhrjNzK20pnEnfI6n9bigsPi3MQNdwoKpVJQ,第十七章：老师许晓晴
95ed0c6067a745d0a914c6a07b7197ef_4,np_JihqfshG2Hb6qjsjKzh8mEndfqiubyIvPSrFRt8mrvJVJQ,第11章 委屈
ts_7f2ecc0f4d854732b6a483d8ce7b99ee_4,np_IitsK5lHi36tqDx1KzkrxEnWcKj9byYtbS_OQt4lofpVJQ,第21章  你敢拐着弯骂我？
ts_b74fc82cbf234a67a73a6da8018dcfba_4,np_KC09fp9JjSX_8zNzKz0syRCKf_z8OSguPX-fQIx0-vtVJQ,第12章
ts_48a126f1aa684b128f5fd1f2e18db59a_4,np_JHptLcVE3Xb4rTJyK2slz0mMJq_9OicmOi3LSIt1rv5VJQ,第016章：顾墨成一定是瞎了
ts_882e9771b81a456fb59da2dcdcab5293_4,np_d3lufMVI2HOqqW90K255nEmNc_3_OCkobCyfSdok-P5VJQ,第十六章
ts_4bc87f6ee91343ef84a3b408113426ec_4,np_IidrfMxD1yGp-TIjKzp4nxCLc62qPHUsa3vNRt9y__pVJQ,第12章 上啊
548ae48a2f654e9388ae97eeb8e38ad7_4,np_cCduKplI2yOr_zwkK28kyxDZI6H_aSIubnzOF9h3rK1VJQ,第19章 想进门啊，做梦呢
8600fbb9c18446849615ec1f341110d8_4,np_Jiw6KZ8U2HT8-jN3K2sunknbI6H-OnUrbyqeF991r_xVJQ,第12章：获新生
bd_413884c0b4c74aac9eab6569442baebf_4,np_eWo6c4oUgBit-zskKgQvykTfcqz8VSU,第16章 屋里有啥味儿
ts_1c8a355b71e04bb09e73d5790fc6c176_4,np_cH5sLs5G2nSt-jhzK2p7yRCIdv34Pyksby_FSNwh-P9VJQ,第016章，她好像听到打脸的声音
bd_ce06f993-844b-40fc-b08d-0a1d16f96475_4,-2,no vip article
ts_fd31f03a38a842db891a58ac2b3df2fd_4,np_Iy9teJtB1yL6_W4iKz4vyxOKc6r_OSEpaXvMRoxyqapVJQ,第二十一章 需要预约
bd_354a8008a9f24241bcd18fb440458a4d_4,np_eXoyZJwfsXGt-jMgQGopyEDWcKCUPg,第19章，刺激的早晨
ts_f26229d04fef44c9bd58fa75669bed37_4,np_dC8-LJhAiHOp8j0pK2x8n0nZcKqqbiApPn6fR4gj-P5VJQ,第十九章  儿子，不要那么傲娇！
1bb0beae599c4241bc9be4cdcb124003_4,np_Jnw-fJ9G23L7_zpyK2krz0jWf67zaHcrb3yZRt5zra5VJQ,第13章  酒肉朋友
bd_94d1de651328424a9b12f08f0b5e2b17_4,np_ZX4_aKJF3nGu-j1OLW4sy0Tcc6qUPg,第021章   活见鬼
ts_6d8627a46738486b85b67b1550b51430_4,np_IC86JckS3SWhqDsiK28txBPXc675a3QrbXnISd8m_6hVJQ,第17章 为什么是我
bd_35f16b03ea4543069213b1d2aa8eae3e_4,np_KC0-KZlIjH-r-j13K28pnBDaJaD7aXV7PX7PQowm-vNVJQ,第21章 男朋友？
ts_a99769cc78c84af096b3b6e4caa28deb_4,np_dXo6KclA2yar_zwoK24oyRPfd_-qMiQqPnjPRIh1_PNVJQ,第012章 伺候舒服
bd_d5ca47a85a5d40948ff38ab9109c3ed3_4,np_citteMsS2SWurzt1K2gtzEiMI6D8bCB7YiqYQdghrKpVJQ,第21章 我不会赖上你的
ts_fe33598708914eacb2ad85fd54446043_4,np_ISZvKc0UiHWrrzknK2p5mxOLc_j8b3Atbi-YQ98h-vhVJQ,025 好好调教一下
bd_57ce9e610aea49bb89a8d19a18e8fe4b_4,np_cC5qL8hI2XGuqml0Kzh-yEnYdP_4MnUvYimbQN1___pVJQ,第二十四章：赖上了
ts_8261122440f047bba11afbd7f10ebd5c_4,np_I3xifJlEiHKrrTogK2ounxPfcKqqPXQoOn6ZQo1-r_NVJQ,第15章：他看着那具已经烧的焦黑的尸体
700ab0f69c1040749d0592b9d3aeb14c_4,np_ICs9fMxH2SGtrzhyK2J8zBCKIqz-OyMvbnmcSY9-oa9VJQ,第15章修水管
195f32de91334e669a4c9af1ca4b4b0b_4,np_KC04L8gU3iGo_zokKzkqz0jYfvz-PyIobCzNEIomrf5VJQ,第13章
bd_23f87d54bd5a402799db04d3a8f87dff_4,np_eWo6c4oUgBiv-jNOK20tz0Gxcw,19意想不到的收获
ts_0f8c8f572fe24919b5ab7aa83a7e4393_4,np_KC5oJM5J1nCrqTkpK2wlmRCNIa-oMicmPSqbF9t3r_JVJQ,第十八章 靠近谢庭东
ts_2b711063ef3a4cb59a369cb0139e1f50_4,np_cHtqLMgS3HCvrWhwK2wkmUnefvqtbiB6Yn-ZFNl_oPxVJQ,第16章 欲火
ts_c36022093dff4a78b9f50272486c31c3_4,np_J344LJxC3HatqW91K2kpmxOPdvypOyImOSXJQI8i_PpVJQ,第17章：姑且利用一下他的名号。
5e2e036dcb1b4fa2803812ea00fa5522_4,np_IydpJJtI3H_8-mwmK2skmxPZIaj4aykvbXvMRNp_qapVJQ,第011章 这混蛋真欺负人
2a3a0b21e7a84fa1a61b136a9179e798_4,np_cHxiLphGiCX8qm8mK2kqykmNdP_zPSAuOC2eRo13q_hVJQ,016：是赵寡妇
bd_45c9c2f311f34cd08e7ad72cb31dc25f_4,np_cHo5eZsU3nOp-TghK214mRDeIvyvPCB9Y37EEtwl-_5VJQ,第二十一章   肖建中的祝贺
ts_4c19674cd7234c6b9c41e23fcc2b48b9_4,np_Iiw-JM4U2ySo_G8oKzgoyhPfcaH9OnAnY37ISNom_PtVJQ,第二十一章  一剑斩杀
bd_98ee076d867648f4964663eb909c0a3b_4,np_eXoyZJwfsXOr_j4oQGIozEDbf8b_,第17章 带上老板去捉奸？！
ts_c68d872c766647c2994745fcd3a79f8f_4,np_ISpqK8xCjyL8-jIjKzouyEiLIaCtOHcqbS6YQNZ-__1VJQ,第013章  新婚第一天
e87c495329744867887476ae526ee1ae_4,np_Ii0_KMtE13Ku-WtzKz55mBDbdqiqPSB6Yy2eR98hqvtVJQ,第021章 火上浇油
ts_88e6a8e7a03b4f4fbe20de6f5e5d08e3_4,np_Jy9uf80TinD9-TwlKzgtyUjdfv2oOCkraijFRox3qP5VJQ,第17章：姨妈来了吗
bd_e5c85cc1d23f4d618665df359077be50_4,-2,no vip article
bd_187297a14d9947b4b39a82d079594dba_4,np_eXoyZJwfsXGs-D4iQGopykXecaqUPg,第十九章  五巫山
bf93ecec326e45faa2c1bbcd9583d69d_4,np_ISg-fJtI33Crrz0hKz0tmxOMdPj-aCJ8by_MFN9_-q1VJQ,21 夜来香
ts_d1b6c1a5071b42b3b5f9786087124539_4,np_ci86LslE3iGo_WggKzp4z0iIca-vbCIpbHubR9h1_fxVJQ,第7章神奇的手机
ts_9e73d3e849dd40e9922028e5fddf9829_4,np_Ji5vKspF33X8rz9zK2Mum0nXJKz_MyR6aSTPRN0jq6hVJQ,第11章
c1729722a6264ea691b9d5f708c4f4cf_4,np_IChjeJ5A3SGtrzwgK2IkzhCLf_j5M3MpPSzIF9sjrf1VJQ,第21章 不会追究
1f4bfe99c1ad4feead3274d03b60013e_4,np_d30_fsxHjyKv_m53K2N_zBOLd6j-aCF-ai2cE4giqftVJQ,19意想不到的收获
7e20dd5762474b0c90005147688f0a0b_4,np_dSxre8pGi3X4rzwjK2orzROMIq-uOil6PSnEQt0m-q5VJQ,047：被盯上了
91e6fea6008942e28a0c681be0cc7280_4,np_In5vectB3HGorT8lK2N8xRCLdPr-bCAtbH7MRY0lqvxVJQ,第十二章故意问道
ts_7cfb73a3ab954e44b31653f8fc4b4279_4,np_JShjLs0VjCb6_GlwK257m0nbJKqpaSYubS_ERt8m-_tVJQ,第14章  偷的便宜
b5bfc6b5639348c79d7b0065862bc783_4,np_IC1sKclG2CL7-2t1Kzh-zUiId_v_b3R5OHyfRdkioalVJQ,第21章让市长另眼相看
bd_290e675283dc49b5a28a1e1d7184f001_4,np_eXoyZJwfsXSq_j8mQGwlzkPWcMb_,第19章 输了算我的
e7fc984c33494f40809f3595c96d5567_4,np_Jy1oKJsUjXasqmx3Kz0qyxCLI_z8aSAuOXjPQd0irqpVJQ,第八章暗中使绊
ts_17c3537ce9494a219416d2e33fbea381_4,np_ISo_JMkSjHCuqjp0K2MtnhCLd_qvbHN5PS_NQYwh_P1VJQ,第16章 可惜没有如果
ts_c15664d5c0bd4104943133ea7f555019_4,np_IHtqL8xJ2iSg_zxzKzl7yBOKJq2ubncuaCWcQdpzralVJQ,第21章 身世之谜
bd_d181f15b-d8f0-4412-9995-163350e930fd_4,-2,no vip article
ts_707c9a6c835b4ec2a5974192736eb276_4,np_ICZqKMUU23St-TogKzp_nxPcdfz6b3V7b3jNQtZxqK5VJQ,第12章 执行丈夫权力
bd_0b71fa5557c2464eabe752fa8e93ba79_4,np_JXxuL8oTjyagqT0mK24syRPacamvPXR5byyZFNgjrPJVJQ,第021章 要不我搬出去吧
7f6cb24c11fd4176a27e91964e993b12_4,np_c3s5eMtFin_9-TwoK2gsyEjYIf_8O3UtOX7LQtdy__NVJQ,【010】抱着的是谭小七？
2f64565ae9b9416893f180063820a67a_4,np_dS1qfstB23H8_zMlK2IrnEjYdPz_a3J8aSSfENgirfxVJQ,第10章 突破底线
ts_0655e126f4124a2c9ca8c37ef32c998e_4,np_InpuK5tB2H6g-jolK2p5z0iLJanzPyUpYyqfFIp_qf5VJQ,第14章放声大叫，让人看到！
bd_ed17f7914b6e40bfaa880adf29a7c21c_4,-2,no vip article
1010670c8c94493c87f999b03a58dd66_4,np_J35vLZlCinP6rTonK2wtnBPfJv_4bygoOCWYSY8hqv1VJQ,第十六章 汽车开启震动模式（VIP）
ts_6d5792612c944e438bfcd4b7fa11f4b0_4,np_IHk6f89HjXeh_jklK24unBDfd6GoPXcubCvKQtl0-K1VJQ,第二十一章 猥琐的举动
b822ff0385cd4762b479ca6929d138e8_4,np_I3pjLZgT1yP8_jhyK2t5xUjYI67yPCktPSqfRIt___NVJQ,第二十一章 前往川西
c5cce20cf3db4795a34472011b70e014_4,np_IS8_eMVD3yOq_msoK20ryBPed_-qaSIsai7LRdkjq_tVJQ,第20章还债
ts_7a7df35edf304dc09e534a6a16718d85_4,np_dC1sKs1A1yaprz10Kzh_nBPYd_j-P3J7a3zKFNYir_tVJQ,第14章  你请便吧
07ae9fb74dbc47eb90a77429bbf5f6f5_4,np_d3w6KctG33ev8jN3K20kyxCKdaDzMyh-aCWYQNl-of9VJQ,第十五章开小卖部的秀花婶
ts_e485782aa02c4a22a9f00b8f0b48827c_4,np_Jyo4eMgV3XOvqGtwKzgvnhPeIqitb3cpaCifF9Ymra9VJQ,第13章：我不想让你讨厌我（2）
e1ea6d5f181b4df9b9a659e0cb4e2f0d_4,np_cns5L81E3XSq-jIjK2gqmUjdJqD7biMnbSufQdZ3_K1VJQ,第19章：取而代之
ts_02fa18a19aef4d86a890ab864c40493e_4,np_c3ltLssS33D6_TIoK2MpzxOLI6j4MiF6OCWcSYhx_PtVJQ,第021章 罗军出手
7171a3e1ee7f4d3895bc6429f861a032_4,np_cy1of5xA3XCvrTkiKz0tnBPWJP38a3Ava3ibRt9zofhVJQ,第11章：午夜运动
ts_9aeae62ddc8043bd8fef92a44690c5a2_4,np_dH04LZ4Sj3CsrT8gKzgvzUnfIa34ayEmPimeEt10r_JVJQ,第十九章 妹妹闯祸了
8f252c04e59b413c9a102ca04e3093bd_4,np_Ji05Kc5A3CSs-mwiK2wpz0mLJvytOCAvbSzESd92oapVJQ,第11章神志不清
ts_8e1b575fa5104338952fe49d43c0e513_4,np_dyxrLctHjXar-Dt3Kzp7zkiKI_36PHMuOX_EEtoiqvpVJQ,第21章 误以为真
ts_2778df0161114aa688a6b88c46ec4127_4,np_KCptK8sSi3Wg_jogK24ryxDYIa6oa3UmaHifRN4i-vhVJQ,第21章 车祸
bd_e3ee956591ed4e03a7b04b8b28ea3e8a_4,np_cnc0c5EYgCLG_T4gK2pCyEaxcw,第二十章 愤怒
bd_ef8d3fb871e742c1973972adfbdab58b_4,np_cnc0c5EYgCLG_jglLGMuokDYGK0,第十四章  休  假（二）
c26ac6e699e440b4a52344442b5d46b6_4,np_dH45KsQT3HD7qD1zKzl8mBDWdaH_PCIpainJFNpxrv1VJQ,第21章跟她长的一样
ts_0333fc9abde743198db76789f98711cd_4,np_Ji0-L5lAi379_WshK2orykjWI6H_aCgtbi7IRdx2qKlVJQ,第15章 一鸣惊人
460060bba9754dbbba1f296690f3ae00_4,np_J3toJMlI23Wsrz8mKzl-zUnbdfz_aCN8Yy3MRdx-rflVJQ,第015章  保安队长
bd_59c6b8f9ad0e441a8513ad8f51e1c376_4,np_ZX4_aKJC2XSg_TlOLWstxUPecKuUPg,019 第一次
4f339fc07052445e901d643989f39a5d_4,np_Jic9KshC3iP8_z9wKzopmxPddKH8MyF8OnvOSNt1r_9VJQ,12、差点出事
ts_656208bebceb49ffa0f7774e87e8a238_4,np_dCw5fMgT13Oo_DgiK2guyxDbdP3yaCB8Y3nJEt0mqfxVJQ,第十六章：演的真好
ts_e62d4b705ae940a792a5f02875cadfd9_4,np_cyg_L8RJjHb_-W4iK2MsxEjffqqoO3V5YyyYRt4jr_5VJQ,第17章 打架挺好玩
a97df31176f447ed94506feabd2c6bc7_4,np_c3w-eMxJ1nKh_zp0K28onEmNcqH7PyR-OSrPQtZ0q_hVJQ,第21章：谈入职的事情
1b7140a1bb4e4ec3bcbb08e5e0093cee_4,np_KSY-K58Uinf_-G4lKzoomxPecvr5a3J6bymeRd8m_6lVJQ,21：客气
bd_22d3820b0c8047f697c3069fdd2853e2_4,np_JHlqJJ8V33SurWl1K20lyRPccviubnIpYyTIQYx3qP5VJQ,第016章 趁机就想跑
ts_3c1a0ef2ed9a4078bbe5a1ae27b03e43_4,np_Jy5sf5sSiiauqDN1K2l_mUjWdvryPicubn_NQox2oKhVJQ,第08章大事不妙
bd_a67baf50c0fd47cf9ec78483289b0dbf_4,np_KXk9fJlH2XKv8z0hKzosyxCIJa37bCEmOSvJQowirKhVJQ,014 取消跟她的婚礼
3bfddeb2cc4145d7bd455bb67f2a372a_4,np_dSdpJc1H3nCu_WwhK2IlyxCNfqn6OiMsOivNSNsi_PxVJQ,第二十章  你不是保姆
ts_093dec0095ca463eb2c16a51629fc024_4,np_IitvJZxH2CSo-DggK2t_nxPbf__9biR8Y3jFEogk_KpVJQ,第15章 老公貌似家世不行
bd_76da2678e82e428dbfd804b0b018724d_4,np_Jy04K59EjH_48jshKz4qxUnXc6yqaScoPnnLSd0l_fJVJQ,第21章罗总，你要讲道理啊
bd_014dcd9451e2499f9fcdedc079c33e96_4,np_KCtjKs9G1yL4_j8lK24unkjefvipOCcmOn7MSIp2rfxVJQ,第21章不该帮的忙
bd_e3ffda39745d494fbbff1907ab8c9d05_4,np_Iic9LMkTiCT8qjh3K2Msm0jZIav5PyYvOCnEQNZzr65VJQ,第21章　残忍
db84461fd5944e5486782efde66911cd_4,np_JCw6LshHj3b7_jwiKzoqz0iMI_jzMyQrOnmYF9cmqfJVJQ,016 坚强
bd_d660b8955ab249b09d9935ed4ee99c2c_4,np_JS9ufMlBiySs_2sgKz8txROKI_z8PiN-PSSeRIojqa1VJQ,第23章：我的医德
311261628a8c417381e778c572737deb_4,np_JX05KZ9I3X-t-TIkKzgszRDbd6jyb3R5OXycQNlxrapVJQ,第11章　深夜的活动
bd_9204df10ce7a408796404661194910bc_4,np_eXoyZJwfsXGu-TglQGooyUjffqyUPg,第15章能不能有点新意啊
ts_d1d63888809c49019a04aaa7d3a0dd0c_4,np_cCc4KsUXj3f9_z9zK2p_nEjXdPr9Pyl5bH_OFI1zoPlVJQ,第18章 因为慕斯城不行
e8d21eff4c044c70abe676f7b9a009a3_4,np_cnlpK58U1yWr-m4hKzh7yxOIIfr5PCEsOXzJQIp0qvpVJQ,第15章火热的浴室
ts_05d4f93225564d9bb3020a7838316268_4,np_IChoL8VIiyao_jtyKz1-xEmKd6GtaXMpbnubRNt_rfJVJQ,第20章 慕总追星
bd_ffd9b70c56bf455e9c639080b2c4eeda_4,np_IClqKptIiHWv_jtyKz8qxBPedqmqPiQsPXubENglrqhVJQ,第20章　威武霸气的苏总监
bc62463756a04d94b1c6f5c712afa900_4,np_cyg9K5kV2Hb8qW9yK2MsnEjXcv_9PnMoaiXJQ4x-rKpVJQ,0022  帮会之争
baa227b83d744d5a84ddbf0b6e588129_4,np_ISlqLJ8S3HKh-mtzK28kzRCKdaz6byQmbCSeRddy-_tVJA,20
295365737d34460cae47fa15d714ac2c_4,np_dC9jecgUjHOr_jt3Kz0umROPcqH6OiYmayqYFdshoPpVJQ,他越来越野蛮了
bd_c1741d40734b4214815a1db0ea0b9aa7_4,np_eXoyZJwfsXCo8zkhQGorxUjfcKmUPg,第19章 只能先忍着
bd_92ac4cf87bb942a291bcdf278fc4973d_4,np_cy85fsxHines-jgmKzklzRPYdqn5aSkrOCyZFY1--PNVJQ,第18章　和好
ts_f99849fa94b34078bbde90314b095b6a_4,np_d31jL85HjCP7qWgpK2otnxDWcPioPyl6OXmcFdkmqvxVJQ,第16章：妻子要履行的义务
ts_698892382925403c9e76b9d562dd26d8_4,np_ISxuLJhBjyGpqWklK20lzRPYIa78aSJ5aivFQNh1rv1VJQ,第21章 变态
2f7e36b461f64df095e73f01945275ba_4,np_KCliKM9Jin-sqG8mK2sqmxPXf_quOXAtanjPFYp-ra9VJQ,第21章 狗粮不要这么撒，啊喂！
ts_c16e5a46221d424d8c727eb2e6ad4556_4,np_JCZtLcsX23KtrjkpK2Ivm0ndI_ioMnV7aC7PRI12-KhVJQ,第21章 威震林家
3bb3595fb18e412eb9476dbad2d7d790_4,np_cHs6fsUT2Hf7_jwlKz4oxUiLJv3yPCl6Pi7MR4t--KpVJQ,10.亲身示范
643c1ce2b8d84e7a9765f95234de545d_4,np_dChoecsT23-tqDh0K2okyRPefvitMiEmbXjIF9gj__pVJQ,第011章后续
587abc04e1d443c8a199099264af16af_4,np_dSo9LZkT3Xavqjp1K2Irm0iKca_yaCR-P3_LRosi_ahVJQ,第21章 你欠我的，不是一杯酒就能解决的
9a4dc5bb8702479fb43ea558c434b886_4,np_ISk_KMhA1yT68jMiKz14mRDffqj7PyF5anuYRd0j_fJVJQ,第19章 表里不一
ts_00d82bbb75f74af9882e822dbe5b4abf_4,np_dHxueM5DinSt_jMmKz15zUmPJvr_PCUuPnzFFNZwoPpVJQ,第十二章 还敢不敢了？
ts_6cde31edcd6c4aab85aa442981113759_4,np_dSlteM9DjHf_-mxzKzp-nhCPcq_5OXB-Oi7KR9lxofpVJQ,第17章 言听计从
161db2f7b2cc4e278371515fb90285d8_4,np_KH1seMhJiiL48ml0Kz0umRPdJKD8MycvaC3KQtwkra5VJQ,10
ts_c945f5f9bc9f4a0fa115e54c28c96e80_4,np_cC06eZgX13-o-24hKzl_zEnfcfyoa3AvPijFF4p1oa9VJQ,第015章：火热难耐
bd_3a2a91be2f974677a9e24da836e12270_4,np_eXoyZJwfsX-p-D0pQGokxEXWdKyUPg,第二十二章：装完逼就跑？不是我的风格！
ts_23e64925ce9f46e6adbe4368c6c61800_4,np_Iyw5eJ4UjX6r-mskK2kvyRDYcPjyPSIuYyrNF912qa9VJQ,第21章 娶她进门
ts_4891234a4e5a466b93e5b83fc470039f_4,np_d31qL55D2nKqrj11K2h4yxDYcfz7OSMobijKE9dxqv1VJQ,第17章 十万买你的名声
bd_a1e45115fc114e2c88a97e4872b2d3f4_4,np_KCtofs1E2XSu_mlzK2h5nxDZJvyobicvan7KSNl1__tVJQ,24、有够乱套的
e2dcdaee6ab24d4d94f77a210b443b67_4,np_c3ltfM0T2nb_-Gt0Kz58mxOKIqutb3cqa3jORYt_-KlVJQ,017章  回马枪
ts_fcb634afa09f411589f89b202de79e34_4,np_cH1pJMREinGr-DIgKzolmBCIIf__biQvYyjLEth_qPJVJQ,第十四章我们之前见过的
ts_0b4f7da6510c4a4dade9ca0b6d747796_4,np_dS85fJwU2n77-TgiK2okyBDfIamvbnAoY3_KRdt3qf1VJQ,第15章 危机意识
bd_97413b330eba42b1898d31f4cf43b16e_4,np_d3o1epUEjyn-lDkhLG4uy0exf676PyAqY0LJ,第21章他不同意
bd_ec94b76ecef2472fa3d88a73d03bfe44_4,np_I3tvLJlGinSg_G8oKz98mxPfc676bCV-ayzPQ91_-65VJQ,第21章　小舅子
40725ea496424fa187575a6a51ef20b3_4,np_IytoKctC1yGgqGwkKz8onBCIIa6tb3N-PSSeRNtx__1VJQ,19、调研
879ac8fd3b904d7dbdfacdfee84e5230_4,np_KHttKZtA3yOo-ml3K2x8xBPWdaqpOCV-aiyfEN1z-KlVJQ,第23章：激情
ts_1d8b82b97b3040bb9387c728c2f6f017_4,np_d3tvKp8Q2H-hqj4mKz0pyEnZdvj4aSYpOn7KRIt2oP5VJQ,第16章 别太乐观
60a592efcbf448e3a6d1fcc468cb9e36_4,np_In5tJMpC2HL9r2khK2J_mRCNd6z8MyIsaCubEtp2_KlVJQ,第二十章：物是人非！
1c19b366ec3f49958bc4122dac81c37d_4,np_dXtsLMtH13Gg-m8oK28lzkjdfqnzbnV7bSTFSNlx_fNVJQ,第10章 对不起
ts_416938e5dfba4b91a87d506411845985_4,np_dy05LJ9IjHX4-Tp1Kz54xUjddv2ubyApPXjPSIokqPhVJQ,第二十一章 龙鳞特战刀
bd_f6c86bbd1eec4952bc9fd3c4250e26ef_4,np_c35qLclJ3ST_-j8gK24rz0nefqz6PXN8OCyZRtgk-65VJQ,第二十一章  离别的忧伤
973722a3a9c4498fa18f946f5a542288_4,np_IitoL8tE2yb8rzIoK2wsxBPdc_j8PXJ8bCvFEtd_r65VJQ,第22章 疑团
bd_3c1318f930b84c6fb65ab4e81df67dda_4,np_a3cucZwfiRir-D4nKmhCykfecKz8VSU,第八十四章
bd2163c817f3431d964f57334107d947_4,np_IHxiLc4Q3n79rjImK24vyEiNI6r-OHJ7bSufR9t2qa1VJQ,第九章 买船
ts_9c5cacc8789746f78bfb5f5d66e1550e_4,np_IC9rKc8Qj3Sr_2woK28omRDdca-obHcuayTIENt0-61VJQ,第二十一章 低调美女乔小乔
bd_ee5418ea52f14705beb5a6bc8fd36cb0_4,np_cis_fsVA3HP7-TghK2l7yUnedPv4PSYvPy_KSN8i_P5VJQ,第二十一章：电梯里的风情
6996641efef342a082f5451c90aecb86_4,np_dCprJM5GinD_r29wK2ItyBPfd6n9OCgrPnmfFN90q6hVJQ,第21章天妒红颜
03c7286f2a0341debefd6ad211efc20f_4,np_IClqLcwS2HaqqjxwK2kpnxPdcaCpbyEray6YQt90_PNVJQ,第11章和姐姐进被窝
bd_9f116d9bdd094d5abdde111dbde1f79c_4,np_cntqKclF3yKu-DMlKz0vzEncda6qayYrbSuZRoh1rPlVJQ,0022章 穿透小腹的眼
ts_63faa5501ac84e909fbb86b05166837f_4,np_dSdoKcxI3HKgqT4kK2IkxUnWIar4OCQmPS_OQd9xqvJVJQ,第21章变了
7e393f950f504e4ebb939f9d9b5a7c42_4,np_IylsK8gTiHX78jlyKz9-xUnXc6-obiMnOC7OQ9d2qapVJQ,第九章寻岛
ts_66e79d37700c438a81025900bda27818_4,np_JC4-KclHjSWv82klKzh7xUjbIv3yPyMraX7ER98krqhVJQ,第14章   窝火的男人
ts_f4b51e7880b74de3badc4ff9e692d29e_4,np_JH04JcxH2SSsqjInKzh4yBDdcK76aXV8a3vNRNYirPtVJQ,第27章 张雯给了我
bd_5c7accdb51a040d88b9b48cfb3a0c0a0_4,np_Iipre5xD23L__jgiKz8uzhPbJqGtbicvannORNcmq6pVJQ,第21章　出来混要讲诚信
ts_127d53b71548400eb5430665f7419b8a_4,np_IX5sec1BiHP__T9wK2N8zhOPJqn_PycsYi-YRo12-65VJQ,第8章
e40248ddbb00454192f1cdf86b34e406_4,np_JHw6eMhJiiWq_jN1K2p-yBDdcv36aXcsP3_NSddwrv1VJQ,第二十章  神秘的冷燕
9d929c02d43345168f260e717b6ccb5c_4,np_Jyo-JcRC3HWu-m8oK2gsnknbIan4MiAsby2YQd8jrftVJQ,第18章 叫爷爷
ts_d5f8693674cd40a69d7ef9c1f0a608c3_4,np_cC86f8RJ33Ct_W53Kzp_xBDWcv_7bCUta3zNRNpy-_tVJQ,第16章   给你介绍一下，这是景琛
bd_d9bdd8dfc19242acae5d0e00abbe5902_4,np_cCc9eZ9E1nGoqj8pKzp8yhDXIqCvPSl7byueQNh-oPJVJQ,21、难念的经
bd_3d9cd1b0196242f49b2499d44fe2e7b1_4,-2,no vip article
bd_07b7722d3d564fcc8f0cba7ed8564330_4,np_cys9JJkQ13Ou_2skKz4tyRDcJa-oPCkvbHvFFI0iqalVJQ,第16章  亲家会面
6cd7a733eb564e59aea02db2f977bf84_4,np_KS1of5hI1yb4-z4hKz18yRDYf6z8aSIpOCjPRd0lqahVJQ,第九章 故意压价
ts_bb2bc9f38dd346cdba31dbddc3d5ae21_4,np_dytuLpsT2Sb882ghKzkvnEjcf6n8aSYrbS_MSIp3qqhVJQ,第十七章 不要脸是什么意思？
ts_7ea4534939e2436587384792eb310531_4,np_Ii9sfM5BinL_-G8hKz0ozEnXcayobyAnaizKSY10ofpVJQ,第二十一章  不要碰那个地方
bd_2a6caa7870a94cb995439d58dbce79aa_4,-2,no vip article
374f94238f2348848f537e916fdf5d08_4,np_dS9pLZ5JiCSsqjkgK214zBOLcvr9OiIvPnyeRot-oPNVJQ,第二十一章 老奸巨滑
2d553f426500418fb40119047b45599f_4,np_Jy1vfplG3iP7rzMgK2kkmUiPIq__PXB6by3IEt5--vxVJQ,第二十一章 华布衣
352b676dffc740738dda638c18afe9fb_4,np_JyxoJJhH3XOrrThzK2glxUiPcvupb3d9biufE4h1qKhVJQ,第０２２章　意见不一
bd_9a51f7cd-73eb-4d45-a615-38a01d6729b6_4,-2,no vip article
ts_a6e316bb936f4534ad6508d75edf0126_4,np_dyZjLp5E23er-zogK2oum0nef6qqOyJ7b3ycSNlzr_5VJQ,第十六章：不是没有成功么
a52c8d56f11245a19d607cc8cdf1d810_4,np_JSdre8oX3nGr_Wh0K2Iry0mMd62oPSEpP37ORdpzoK9VJQ,第14章 探查
829024067bb34ccab7072d9ef7659325_4,np_IX4_KJkT2H-prjImK2x8zRDbcaz_bCUvbi6fF4hz_f5VJQ,第7章 脸红
bd_a884938fd9af4ef79267f6a8688769de_4,np_eXoyZJwfsXKq-zMkQGosxUjbcqmUPg,第17章 干脆顺水推舟
bd_6fc5b338b75d4363894883f942a2011f_4,-2,no vip article
758c3a3000d3409fbaca5accc8e97c70_4,np_c3xvK8hCj3WvqW8hK2N5nxOMd_v8PiMqPyTOR9kj_fJVJQ,第13章 无药可救了
5f73b2670b2a4241868fb38329300c18_4,np_cilpfsgXinOp_TsgK2l8zxDZc___OSMpbn7KFdxw_flVJQ,第31章 我就是个保安
bd_f4826b023b7a4da08119280664540cd7_4,np_ci85KJgS2iWv-zwkK2MkmROLIaj8M3IsP3yYFIp0q_1VJQ,第十七章：他是洪水猛兽
8afa86c38486488dbc4dfb2798b85578_4,np_IC5rLpkUiHOtqDojKz14mxDWfvitPCl8PX7EEIsmqf9VJQ,第19章：暂时结盟
1169fb4829cf46b4a6b8ca1e12c83a8b_4,np_cCliJZlHiCas8zt3Kzp7zxONIaHyOncvPS_MFYtxr_tVJQ,第十章 求饶
ts_307f5eaddc66489c9aec48a912c3efdd_4,np_cClpeJkSi3CtqD0gK20lykiKf6_7b3QqOi-YR9h2qv1VJQ,第15章流产了？
0f13ac44813b457babb900684ec9fe4d_4,np_JSpoLs8U23Wo_jkoK2h8zBDWdPr4PiF-OCvKE99y_PtVJQ,21.自毁前程
c088019d61394a8daefd3bf2ddfd8a15_4,np_J3k6Kc9Fi3T_rTxyK2Itz0nZdPj7OSF7OC2eENYhr6lVJQ,第二十章 放浪形骸
ts_2073c18e15184020ae36205477f829f6_4,np_dyc5LpkU33Ch_TN0Kz4pzEmId6CoPCcvaSrORY0l_a9VJQ,第二十二章 帮“他”泄泄气
ts_098bb5a7670f462e805ce90bde452b4f_4,np_JS5iKs8V3iSo-zNwK21_zBPZf6-qPHN7PSzEQ9hzrKlVJQ,第二十六章 姐姐的温柔
2e2fce9657ad4b9ba27410ba82e4da2d_4,np_dyY9Ks9A23Gp8j5wK2ornxPZcv38P3N-bCmcSdsjqfNVJQ,13.第一次就这么没了
bd_d09dda98c7bc403dbfb0741fb5a64c1c_4,np_IC9pK85J3iT9qWl0K2ouyUnXdP3zPCIrP3jPRth-__1VJQ,第21章　共用毛巾
ts_66540b872c0b4dc9841e27d516d43b90_4,np_JCo5K84SjHaprj8hKzkqmUmNfqD7M3MnOinEEIxyoK1VJQ,第二十一章 夜欲沉沦
b52fc9329a8c4c909cdf198be98b0382_4,np_JCpse80U23T4-zN0K2wvyhDedK-vOCYqPXjOQowl_fpVJQ,第20章 做个交易
52b48ce2a7854e41962211854060cd71_4,np_JHw-fMpFiHOr-Gt0K2MoyUiNcPv7aSQqYivLSYxzrvtVJQ,第13章 同事小江
bd_3e918b70e8e44470bd01d904a4fdba9c_4,np_JCduKc9I3yb_-G4hKzktzBONda7zPXMrayzERIp0rahVJQ,第18章 喜欢你的味道，独一无二
bd_5b883ac627ac431181f70c5f7e4aa7f6_4,np_Ji44fMhG23b4-D1wK2spnhDddfj7OCcpOiXKFNp3r_9VJQ,第五章 按部就班（1）
1cf7fcde31db47e5bb7179743b607130_4,np_KCo4KMlF2Cb7_TJzK2wpmUjYdampbiEtOSTMSN9_oP9VJQ,第7章 小坏犊子
bd_7c3004355835405da39e0ea2874b17d8_4,np_KX5je8kQ2HGq-DwoK2t7mBPbcP2uOSYsYiyYE4ok_69VJQ,第十四章   变化
453719ddb4d7413db9f312866f4364c3_4,np_JituJZtJ3XP6rmkjK28knBPdIaioOSMmaCnPF9ghqfJVJQ,22 八卦绯闻
bd_e9f6554af6bc4836833b13630bd6a255_4,np_eXoyZJwfsXCh_jklQGokzkfdcauUPg,第二十二章：他加入了地下势力
292565f42645462fb5ec2557a7ef1574_4,np_dCc5Lc4U3nKo_TsiKz4pmEmMJvyvPCh7Y3zJQoh0-6lVJQ,第二十二章 生日宴会
bd_f40698507bd54051a802bc71893e9092_4,np_d3o1epUEjyn-lDkhLW0uzUaxcaj4OSgob0LJ,第18章你并不是法
ts_af497d17d1204be1a325d8bbc4169e59_4,np_dCs_fssXjXOu_D8lK2l_y0iPI66vMyR9YynPR9Yi-6hVJQ,第17章，你的表白，我很喜欢
ts_bc650cbe21af4d768bfbd49841a15751_4,np_KXk-KM5A2HKgrTx3Kz58xRDcJKv4PSUmOHzPRdd3oPlVJQ,第21章 呼吸困难
bd_f0d05fc81dd04c2595eb90492d679626_4,np_Ji1oKMtBjHT9_z8mKzgqyxCPJKyqPnN-P3ieQo91qKlVJQ,第21章：别碰我！
ts_c318f8aaf7e04db9babcc935fc839da2_4,np_dXtiJchDiHSo_jxwK28smEiNIvyqOXB9YirPQo9zqq1VJQ,第18章 猜猜我是谁
2fd124e17248465bbdedce40651ec467_4,np_I3tvKpwU2Xb__28pK2svxBPXfqmua3QtPyqeRN8hoapVJQ,第20章 洪浩帆
ts_d244fc0b43ef480ab9d968e058dbaefa_4,np_KS9tKM8VjXGq_DtwKzp-zknddv_6aHB5Oi7OSIwmof5VJQ,第13章：想太多
bd_09289ec395d64022b079cfc147c2fbe6_4,np_Iyo5KJ9AjyKp_zknKz94xEnWcKr_Oih8aCXIQt4m-_hVJQ,第020章　何首乌
bd_a6e72083017f4421a164b29721309590_4,-2,no vip article
ts_65efd96e74f643a68ac60ac70b1c13aa_4,np_J3ttL8QVjHT6rzJwK2IqmEjddPipaScsPivEF99zr6hVJQ,第二十三章  保安们的强大的身手
bd_709fe9665b834582944f860dad366c0e_4,np_eXoyZJwfsX-v_DgnQGkvykLZdKiUPg,016 她有什么好硬气的？
7c30a2b1490d42869e7c0fb9a54fcca0_4,np_dH46LcpC2XCoqDIpK2IpyEjfdK35MnQpay2bQI1x-K5VJQ,第23章 内心柔弱处
ts_1da4558f6e214a8b8c1b1d55136abbbb_4,np_ISxseJwX1iT_8mwoK2ovyEiPd_r5OiF9bnjFFdp0_PlVJQ,第九章 笑靥如花
ts_35a46b0d5d06467ba81f2a1804411d45_4,np_d3lreMlJjHeo-2smK28onEnddfiqM3MobCmZRowhqfpVJQ,第22章 当众打脸
8ee6dd40e26e43528bad4819c38963bf_4,np_JSpvf5gVj3aq_D93K2p_yhCIcf__MiIqbX_JFd9x-PpVJQ,第十六章被砍了
bd_7651cce1365d4a72b932b873df264c57_4,np_JCk9KM9Gi3Cp8jN1Kz8ky0iPIvj8OCZ-bSXLRI13qv5VJQ,第21章  神秘组织
36533b175ac343c880d335288a1217dc_4,np_c31pec1I2H-r-zp0K2t4yUiPdq34aycqb3-YFdkj_a1VJQ,第20章 一对狗父子
bd_2083f7da32b642dd96bdf3ff69278dc3_4,np_JHk5LMkQi3Gq_ztyKz58nxDYJvz8P3Irbn_MR4t2-P9VJQ, 第二十章 找了个靠山
b5312a04e46e46b98eddedaacc39f4cf_4,np_Iik4eJ9C3nep_jspK28qxUiMJqquPSAqYnnIQIol-P5VJQ,第十七章 打脸啪啪响
bd_1fddb6183a39463eb83b164688fdc768_4,np_eXoyZJwfsXOv-z0mQGotyULecquUPg,第十六章 送寿衣
ts_78f07a5e9afd4689aa474c83e74bb1fe_4,np_IS1oLslFjSb_qDJ0K255xUnecKn_OncobSTIR913r65VJQ,第021章 施压
16468a30b28644f8b59ce700224d599c_4,np_cHljKJkX3HX9-jMkK2sqy0mKc_zyPHN7OCrERox_qvtVJQ,第023章余悦份量（二）
ts_0f136ee5e9004a7499bb55abfffd15bd_4,np_IytvLZxJjSGt8zImKz4rxEnWdK-tOSJ5PSqbRt8k-_NVJQ,第十五章
69ae3ad2ddf541dea3f0d2e19ae84767_4,np_ISxoeJtCjCb8qTkiK2slxEiMJv-qPiQnYyXMRd90qP5VJQ,第十二章 鼎力相助
bd_b983e66fdcaa47af90dd6a8d1e0acf9b_4,np_dy1ifMwU3SGsqDoiKzgpn0mNJayuOSUtb3nKEtclq6hVJQ,020 他的无情和慈悲
ts_021c2819ad704249be626cee986caacc_4,np_dyo4fMhE3SOp-zsmK29-xEjbcvj_byh5OH7JRN5-qK9VJQ,第七章河套美事
bd_30dd006f528547f1a18f770e83886567_4,np_IC9jf89I2CWrqWglKzorxEnad6qqOXQrPizKRN90_f9VJQ,第21章　废物小姐也有一桩好处
bd_4a38c7625fbb454f8d3a147f664f23ca_4,np_ZX4_aKJF3nKh_T1OLW8kxELZdKqUPg,第二十章  三百五十万进账
bd_0f7fc251b1c645d4917c891ae08752e5_4,np_KHo6LcoViCP_qTMlK2oqzRCIdKDzbyN5aS2fQNZxq_xVJQ,第18章：你给我等着
56cf4cec6a65465e92649c1291bf6ccf_4,np_KXk_Ls8X2iah8zooKzp7n0jaJfj-PyQmbSXNRNkiqP9VJQ,第二十一章   就差一点
ts_9d3d1fda5e1f4f52854562668146137b_4,np_d3s_KM1H3XX6rWkmKzp4n0mPdK_-PCl7PyrMEN0mr_pVJQ,第010章感觉好不好？
bd_8f7efd8bfa7b4232a37627a823b2641a_4,np_dHo5KpgS2Haq_jwnK2x_yEiIdqypb3UuPn-ZQ9Z0r_1VJQ,018章 疼老婆的老男人
bd_3e4ca8f44c71421284a1ab3373615694_4,np_IXs9eJ8VjX7_-WklK20tzhDaJa78bHArOC_PQNgkr_1VJQ,第23章 这届二代不行
bd_612570ec82dc44d7a26007bb3155f2db_4,np_c3tpfpxB3HOh-Tl1Kzp8mRCMf6uqayF7bCmbRtok-KlVJQ,第18章你刚才晕倒了
20bbb06e3eff4a849412b64722ba99e6_4,np_cyc-LspE3Cao-DgmKz0lyhDeJv39MnImbymeQ4p1qf1VJQ,第18章  生死之交
bd_d1bf1c2f38dc45079d60b578caa1c62c_4,np_a3cucZwfiRir_D0mLG1CzEXXfqz6VSU,第12章难道真的有鬼
bd_ce178a0bfd1842d0926278d783e55d20_4,np_KH0-eM9IiHKv8z1wK29_n0nWJq_8OiEmPX7FRY0j-vJVJQ,第二十章：纯阴体质
adfe2cd90e26411cbb64a6d92548c0ec_4,np_IXk-JcoQ3yGgrTskKz0onkiMcKCuMiZ5PS_LQNojofhVJQ,第二十章  好戏开锣
ts_dae2619c67a54545ad3d54c4aca6f863_4,np_JX1je80XiiWs-2wjK2otz0jcIqGva3crPy7LFdsj-vJVJQ,第021章 你瞟我！
ts_bef989c86c0c4f72ba8939c04be4f676_4,np_J3k6KshFjHT9rj8iKz57nBDacK-qaCknaCifFNkh-_JVJQ,第十四章 出事了
bd_463fd9af43da4860a6522d6ca8598109_4,np_I309JM5C23Gor29zK2osn0mKc636PXQnbyjKR9xzq6pVJQ,第18章　匕首
ts_220a75cbdb8b4e7699a63dcd3e3d343f_4,np_IXw-K8tHjHOu-zImK2x5yUnaI6uuOiMmbnjKEox2-vxVJQ,第21章：睡在一起，真有野心！
ts_9befcd49181f47e6976ad3d94b3bf125_4,np_dXlpe8QVjSauqj1wKzolyUmKfqrzMyB9OXyYR4gjra5VJQ,0017章  睡上支书家的床
33b79a035c4d4d89b4e80da03a688618_4,np_IClse8VF3nasqmxwKzokzhPXIfz_OignYiiYSIh0__9VJQ,第15章 不受待见的寿宴
ts_1553a28fa0f74b94ae12e6609a646249_4,np_cyY-JcxJ13Strz0iKzl8mxDfcvupOXQsOX_NRoomqPxVJQ,第十六章我该怎么自称呢？
ts_fcce5dc1c3284b5e807451e4d45da4b1_4,np_Inw4JZ5B23Cq8zJzKz18mRDeIq6uP3AsY3mfENxxqa9VJQ,第十六章  大姐你尿了？
fc5e553455f946bebc487bbac07565da_4,np_Jnprfs5E2Hev-m9yKzl7zBDbJKuvOSgob3yeSdd1oa9VJQ,21.自毁前程
a8437cc9e1664be6a6c3b7cd8d7b4a7c_4,np_cy0_JcpBjyX6-z8pK2wkzBCPfvupOHUpbn7FENZyrahVJQ,第19章，刺激的早晨
bd_e49c2240c890493cbbd38bc3b0675708_4,np_YncudZwYsXar_DNOLm8vyUDdGK0,第9章 相亲
bd_f6f16cdbdf344c4cb19f562338e82ce8_4,np_ci86K8RF2XSorjkpKz15m0mMd6GoOXV5aizKQ4p0ofxVJQ,第20章 奇怪的方法
ts_190bed4fead349f5a33ca5bd23df941e_4,np_dCtqf8pBiiWv_jwhK2sryxDbcvqvbnR9PiTIE9l_q6hVJQ,第17章：冷亦琛的愤怒
bd_71f8dc2ab8ab487c81ae64d9d72f6577_4,np_a2oyeZQUsXCh-T1OJmMuxS7a,【021章】你是第一次？
b1b91c5a2f3f41f689685dacfddfa1af_4,np_Jys5JctG2iOt_TgoKzgsyBCPcfuuP3UqOHvFRNd-qq5VJQ,第21章 吹牛疗伤
ts_d9f14589e62543cab5eab821b97bac98_4,np_ICZqLM8V2CavrzkiK257n0nWd6HyPnQoOnufQtxy_PJVJQ,第021章 演戏
bd_475403f263b344bcb9834b71c6beb662_4,np_eXoyZJwfsXSo_D0kQGwoyUbYd8b_,第22章 繁华背后
0a173aa55eb84e478175136e6183967f_4,np_cCY9Kp4S2XKq_WhwK297mBPbcKz6PXV7biTPEt1--v9VJQ,第14章说你偷你就偷
ts_0ec5bfb477a0493484869e5979f67bba_4,np_Jihrf8tJ3Car-jNwK20txEjXcP39biQnYyvPQtsh-PtVJQ,014 你到底给阿勋吃了什么迷魂药
ts_70f765d40c7642c4adb16f33ff33498a_4,np_dS1seMpJjST8rz8jK24qyEnYI62pPCJ7PSjER41yoK1VJQ,第18章
bd_41cccdb3f7324293b127e1c6d458ebc8_4,np_eXoyZJwfsX-r-TslQGkty0Hcfq2UPg,0019 首长！？
ts_54d4630849e146b4939a07159923627f_4,np_JXpvKZwU2CKg8mgpK2MryEndd_qoPiApPnnJSI93q6hVJQ,第十七章 硬气功
ts_d0a7eaf20c8444198623a93c1941e256_4,np_KC1ue55G2nL4_TIiK297mRPfIqj_a3AnYyXKQNYmr_JVJQ,第23章 叶老师
ts_819df1b5b5de4240bc6e1c7f9b786682_4,np_c31jJJgVjH6v_mx3KzkkzEmLJaH6PyUnPiucF953qPJVJQ,020 你被录用了
ts_77d8de1255134535bbb854ba68f70abb_4,np_KXo-KJ5I2CahqT51Kz4lxBDccaj_PiR8PirEEI9xoa5VJQ,第12章 姑嫂吃醋斗嘴
0ce766ef37144bcb96fa4c6ec18d07bf_4,np_Jy1qeJkQ2X74-zwgK20vmBDaJKr9aCctPiXER912-_NVJQ,第10章妖精
bd_21a083ff8180482186634fc545d8e93c_4,np_a3cucZwfiRiq-j4jLmxCzkTcdK_5VSU,第二十一章 笑的在灿烂点
bd_0e0772728e9945a8bdfff71f4e75355e_4,-2,no vip article
bd_0393159422284160bbc7d8c2c921f25c_4,np_Ji1vLZ4S1yb4-DgkK28vyEjed6jzPSQnaivIQ913_K5VJQ,第20章　一直这么任性
bd_0085735d2ff949379c8cc63c4d34287f_4,np_KHs5fJtH2HWrqmh1KzoqyxOPIqCqPyEnYn_NSY0m_a5VJQ,第二十章 床上的要求
bd_51495e8639654176945ee101ebf95bd0_4,np_eXoyZJwfsXap_D8nQGksxEnXdMb_,17.他此刻竟然在这里
ts_a6aad0dece004ad1bd0f045910c49692_4,np_dSlrK54XjCSqrTIpK2l7mxCKc678PCF9by6fRI1wqPxVJQ,015 不是他结婚，还这么上心
bd_aeb3f83476f348b8ab8e5ce29392375a_4,np_a3cucZwfiRiq_z0lKGlCzkDdcajyVSU,第二十一章 是你的
cb062ad6c36a482c9ecb694ec5f38b49_4,np_IihrLJ9Cj3Ct_mwhK2wvnxPYcqutMiYpayzLRo9-q_1VJQ,第14章 我能治
bd_a2066048015149f186ccc4561e6e4103_4,np_eXoyZJwfsXSp-TwnQGwty0TYc8b_,第18章 索取报酬
ts_1bdf7ca37522422b9c1a98c2bcacd1a1_4,np_ICtuecoXjHX8rThzK2h5xEjfdKyqM3R7aSjOF9h2oapVJQ,第十八章一报还一报
ddbe29b8057346e983cfad557736c305_4,np_IntiKc9C2CH_-TMgK29-ykjbIvqpaXN7PnyeRo8hrvlVJQ,第15章 破庙里的书生
f9f4de0739884110a111552a87e6d2d4_4,np_Iy4-LMQT3Hev_mwgKzokykjbc6Dzb3QnaC-ZF9pw__tVJQ,第16章 苏雅的疑惑
bd_8635da0a21d3477c9221b04b6f6a4adc_4,-2,no vip article
65d9622a92a343dc83a9e664d153fb27_4,np_KHk5JcpD3nP68jgmK2J4nhCMfqqoPiAvOSnJR9gm_KpVJQ,第二十三章 浓烈的杀意
ts_e5b262487ab14c869535c53f80f8d49c_4,np_IyhtJJwTiHGsqjt1Kz4vmUndIaiuOnN-bSnISNty__hVJQ,第019章 美女和野兽
ts_fd18cd926ff64390b6c5d11b573de8de_4,np_dy5rK8QU23Gs-zIoKzp8zRPaJq_6bnJ8ainJQ9ZwoK5VJQ,第12章 今晚我们陪你
ts_776f589f258b4fe8a784300fd9e41e98_4,np_JC1vJcpFiib6_j5yKz8lnxDac6yvaCkrPX-eE9x2oa5VJQ,第19章 霍霆的实力
ts_5a6d9cecfa3b46f4abc394b7b818c10d_4,np_IHo-KphFj3D6_24mKz55mRPddf_6b3MobHybRdt3qv9VJQ,第20章 三叔，你心跳好快
4edf4207357e4af59ee7e97a23c8d57e_4,np_Ii4-fp9Ij3X48jwjK2gpxROMI_ipOCB5aSufQY93rv5VJQ,020 一直走到了夜市
0e35e23f37a54116a2fdbaeb736d5607_4,np_KCs-LMpE3nKv_zpzK2ksyBDedPv9OHAvPSXFFdp0-KpVJQ,第13章：帮帮我
bd_a65587e4-d92e-4332-85fe-c07341d93795_4,-2,no vip article
bd_87d6f3fcbbe24e67a3aa8a67914f2e1a_4,-2,no vip article
bd_0073c784e2364f9f92fcd4e9f574ec31_4,np_eWo6c4oUgBit_DMiKAQuzUnac6v9VSU,第12章 善水瓶
bd_4e19ebe4ad6c49b5be7e435ab302b7ed_4,np_d3o1epUEjyn-lDkhK2kpxEexdqj6OCQubC-iRQ,第21章丘一明的礼物
ts_a8b071b5130b462c91f99ff3519ba371_4,np_dSk_L5tBi3P9rj5yK28kyBDcIqH4MigubCvPF4p3r6hVJQ,第25章  配合点插进去
0adff49d444d46a3a89a8e7aa63fd6fa_4,np_dXk6KctI3379-zx0K28tn0jWJf36PCcqOHjMQop0qK1VJQ,　第22章  做我女朋友
bd_b0f3260909e7494db448e4419b79f1c9_4,np_eWo6c4oUgBio-z5OK2opy0Oxcw,第21章 你师妹有男朋友吗
bd_0919d525fb56476aa6a94933c38175b1_4,np_ZX4_aKJC2HKv_jxOLmMuzUPZfqyUPg,第20章  不祥的兆头儿
ts_9ce4c73e83b34eaaa3ed2046bdf4f82f_4,np_JCdiJJtBjSb_rjwmK2olzhDcdKrzPCYqOS-YFNd_oPpVJQ,021 给他点教训
6e8887b6707c43aba69b73ac57f47924_4,np_KStjKZhGj3f4-Dh1Kzokz0jfcfr4PiB9Y3ueFNp0rftVJQ,第45章
267ab872aca54ca780adf4018cad194d_4,np_KCtuf5tI2nf9rz10K2klmBPbdKyuP3N8Pi3OEtt2oa9VJQ,第十二章酒店的尴尬相遇
ts_3f48c3d168d94819bd88197d5bfcf91e_4,np_KX1oK5lBiCGorTolK2wlzhDZf_38PyQrOHzKR9clrv5VJQ,第17章 她现在需要的是你
ts_87348c50158246feac47d63f8cb24c9a_4,np_IHxqKskQiCOg8mhzKz97nhDbcv2pa3QtOCjKR9kj-vhVJQ,第21章 势不两立
baff1a8a6c624f619dc83642b4612d57_4,np_dyppL8hI3HL7qDglK258y0jec636MnMtbSnIFY1_-vxVJQ,第14章话到嘴边
09c096a02cf045e5bb48cebe39854f83_4,np_Jyc4f8tA33Ch-jxyK2IvnEnddqD8bHB8bnyZF40ir_1VJQ,第九章真的不要？
e00300243ab6465d82a977dcbde9593d_4,np_JCxtJZ4S2n6u-m8hK2MtzkncJa_5MyZ9OC2bR4ojr61VJQ,第0021章 你死定了
bd_8b241bb902cc46c69192ab55324fc3bc_4,np_In5uLplB1nWo-Gx0K297zhCIfv3yMyZ6P3vLRoxx_ahVJQ,第18章 县长沈铁山
ts_9e68c9cd4c664e669fab6d4f3001b867_4,np_IHw_f8hF3XWp_T8nK2gtnxPZcPr6PCQoPSWeQIt1q_tVJQ,第二十一章她要勾引我
b32f161171944d27936796aba5c53770_4,np_JXs4Lp8Q3X-t-jgjK28kmBCMc6r9aXIuPS3OEIgkra1VJQ,第020章 宗门藏书阁
a58f3ecd618141248037831cce781bc9_4,np_JShoKcxF3ST_-TpwK2t-m0mLd6D6OyAoOXubFY0mrv9VJQ,第21章 我对她有点好感
737b64ed75c448aabeaacfe3b572df40_4,np_cy84L8gU23D7rW4pKz0ozRCIfqiqOiR6OijPEtghrfJVJQ,第21章 不能帮的忙
bd_bd7796622b514784bbb26675e948fa58_4,-2,no vip article
8772d11404184900b085f69e6c47d281_4,np_IS84JcUX3XCp_mx1Kz17nhDfJKH_PXMmbi7EE9lzrvNVJQ,第15章那叫炮
bd_4a2319e7fae845febf909754bead5e1b_4,-2,no vip article
886265a4fde5474eba060a2073f226fe_4,np_IC4-ecpF3nb_-2wmKzl4mRPddqj7Myl9OC7KSNcir69VJQ,第19章出手
ts_6c1e8cd4d3804504b642dda799543c32_4,np_IidsK5hC1ySv-TtyK2oonkjWdPyuaCZ-aSSbQ9d-r_NVJQ,第19章 再回到贺家
0bade784fcfa46fab6a77986dfc198b3_4,np_dypoLJkVjHGq-WhzK2IsxRCLdv2qPHUmPS3OQ48lrPlVJQ,第十八章 抱错人
647ecc23cc8840a7bc995b2e277d3754_4,np_IyY6LctC3nep_WsgKzkpyUjacKv7Oih-PizEQ49zrfxVJQ,第016章 果然是你
b5907b7ffa1e47419e667b0d60bedcf4_4,np_I3k6Kc4XinL_qmgmK2srnhPdJPv-M3Qnbn7MF9h1_PlVJQ,第19章 肮脏的交易
ts_94f53b002e8746219343724386f82b18_4,np_KSlieJhA2yKt-DMnK2otnkjXc6yoOiQoOCvNF9l0-6pVJQ,第21章 畜生满地爬
bd_cad9715835994875877e49941978b77c_4,np_Jy1rLJlA3ySv-GkhKz15z0neJKn-OyQqbXucENx-rqlVJQ,第十九章：这不是你撒野的地方！
bd_d8ee0ed29cb84ae88b7cc9f7ee877a56_4,-2,no vip article
ts_882e9771b81a456fb59da2dcdcab5293_4,np_d3lufMVI2HOqqW90K255nEmNc_3_OCkobCyfSdok-P5VJQ,第十六章
b1b91c5a2f3f41f689685dacfddfa1af_4,np_Jys5JctG2iOt_TgoKzgsyBCPcfuuP3UqOHvFRNd-qq5VJQ,第21章 吹牛疗伤
bd_2083f7da32b642dd96bdf3ff69278dc3_4,np_JHk5LMkQi3Gq_ztyKz58nxDYJvz8P3Irbn_MR4t2-P9VJQ, 第二十章 找了个靠山
ts_c3047549c69d40cd8e2a15502d35d5f5_4,np_KH1uLpxH2H_9-DonKzl4yEnaI6ivayF6bCmYF9hzqv5VJQ,第13章 翻脸无情
ts_e48183db1ba944c7ab775e59802c250e_4,-2,no vip article
c088019d61394a8daefd3bf2ddfd8a15_4,np_J3k6Kc9Fi3T_rTxyK2Itz0nZdPj7OSF7OC2eENYhr6lVJQ,第二十章 放浪形骸
4fe443e920554f99ad7ce1fdd7d7ceda_4,np_dy5tJJ9Ij3Wv_jMpK2IqxUjYJKv7ayQvbiXIEIp-qvlVJQ,第20章 睡不着做点别的
ts_d1a1027e5796431888bb65dfa745f05f_4,np_cntueZ9FiHP_-mxzKzl_nBCPc_z8b3R5OS7FQNZ-oa1VJQ,第16章 太煌少东是谁
bd_b8e2604015c24e299f4adcf38445b527_4,-2,no vip article
ts_388d25c2a7794685b819fd417dac136e_4,np_Ji84eJ4U33D68j8gK2t5zEncfqiuO3J-anjOR4si__lVJQ,第21章  不是合格的母亲了
bf93ecec326e45faa2c1bbcd9583d69d_4,np_ISg-fJtI33Crrz0hKz0tmxOMdPj-aCJ8by_MFN9_-q1VJQ,21 夜来香
ts_a0b4261347c94c5f9d66261135d3f961_4,np_ICY9LcpJi3WrqWhzKzgtmUiIc6muM3MmP3ucEI0joP5VJQ,第14章 学着讨好我
0a78afb5aa7d418b86e947ee3934f393_4,np_JCY5e8sV3X-g8m5zK2wsyRDccvvyOyZ-b3nJSNojqKlVJQ,第二十章  潜规则
ts_c36022093dff4a78b9f50272486c31c3_4,np_J344LJxC3HatqW91K2kpmxOPdvypOyImOSXJQI8i_PpVJQ,第17章：姑且利用一下他的名号。
ts_0f136ee5e9004a7499bb55abfffd15bd_4,np_IytvLZxJjSGt8zImKz4rxEnWdK-tOSJ5PSqbRt8k-_NVJQ,第十五章
ts_226be7b9ab4b4e838f321410c7180ad3_4,np_Jik4L8hA1nWt-G4oK215xBPYJqzyPnB7OHvPEI9-rf5VJQ,第020章 试着去爱你
ts_82de4a507df84fbc895213c38b0a7557_4,np_InlsKZxAjHOu_TIiK2h_xUiKcaH6PnR7PXjFQN0h_KlVJQ,第17章 找上门
44c2b35b1b4e474a906a584450a85636_4,np_Ji9ifMwSjX79_28lK2stnBDbf6CuM3ItaC3NFdol-P5VJQ,第十七章：他是洪水猛兽
bd_95477e0c4c8d455e88c88ff9b9aa8dd1_4,-2,no vip article
ts_1d8b82b97b3040bb9387c728c2f6f017_4,np_d3tvKp8Q2H-hqj4mKz0pyEnZdvj4aSYpOn7KRIt2oP5VJQ,第16章 别太乐观
bd_e7fe1815043b4fec971fd6f8addb5797_4,np_c3o9K8hGi3T8-m50K298xUnfcPj4OHMrbCmcENlwqfJVJQ,014、究竟谁是绿茶婊
bd_eb02a022cc154cb2a7b79b912a788f33_4,-2,no vip article
ts_34d9be9cbfca4f3893aa474e77dc2b80_4,np_I35jfspJ1yL4rTIoKzkpnBPfIqv6b3cvPSmbQN4j-qlVJQ,第16章：怕……才能听话
e00300243ab6465d82a977dcbde9593d_4,np_JCxtJZ4S2n6u-m8hK2MtzkncJa_5MyZ9OC2bR4ojr61VJQ,第0021章 你死定了
ts_3e4cd93aa26140cdb45dbc1d5d9d3fc3_4,np_d3luJJ5AiiSo8zMkK2p7mBOMJP_9MyUvPn-ZEt0lqP5VJQ,第二十一章 追踪
bd_7cdef66e6e344d5898c432746db05f55_4,np_ZX4_aKJC2H6t-jpOLmIvzkDccKuUPg,第二十三章　嫡福晋
bd_d9bdd8dfc19242acae5d0e00abbe5902_4,np_cCc9eZ9E1nGoqj8pKzp8yhDXIqCvPSl7byueQNh-oPJVJQ,21、难念的经
bd_824166c6-96c4-4af3-8199-3210040ed4ff_4,-2,no vip article
bd_0ebb3c7b9c674cb1a169401a4806bd8d_4,np_ci1tKJ5B3HWu-jshKz8pzkjff_upbHN6aiSeEt4ioP5VJQ,第十七章 男人的心真狠
ts_a0777724723342c598ac5924ee6ba016_4,np_c3o_KchI2Xau_G4lKzoqzkjdf_r9aCJ8Pn-YQtslqfJVJQ,第二十一章 承认
ts_9863689ddb244261a457d30a6916214f_4,np_dH4-Jc8Qi3P6-GglKz8vzRDbJvzzOSZ9YijKRYh-_6lVJQ,第十七章、学长回来了
ts_2778df0161114aa688a6b88c46ec4127_4,np_KCptK8sSi3Wg_jogK24ryxDYIa6oa3UmaHifRN4i-vhVJQ,第21章 车祸
bd_2873c7393123487cb30a182bfa4b15f1_4,-2,no vip article
bd_b4375f790d81450faded708d98f1f010_4,np_dH1qKMVE3374rTx3K2glxEmKdqryOHMvbHzJF9clr_lVJQ,第十二章：他是故意的
bd_fb81ab6711554cf58ca7455e4cacc1dc_4,-2,no vip article
bd_59c6b8f9ad0e441a8513ad8f51e1c376_4,np_ZX4_aKJC2XSg_TlOLWstxUPecKuUPg,019 第一次
ts_a2f479b711e54c09bb1b3b2963f51da7_4,np_c35vKMpC3CT7-zMhK25-ykjYcKn5MyMtbi_NQt4hoP1VJQ,第十六章   这是你的手段？
ts_9eddf4cdf8c7472cac673bcd0c1efab0_4,np_cCw_LMpCiyOv_mkhK2x7nhDcfqD5byZ-byvPRI0ir_NVJQ,027 起了反应
ts_3d12d741f785419e9309602f46bdeb12_4,np_J31iJMgV3XOgqTMpKzovmxCId6uqaHQqPi2YSdgkqf5VJQ,第17章 理解有误
bd_38863903f813404a8c1b61d42e2c20b3_4,-2,no vip article
bd_ca08483e9b664b37be4d5f5b6fbb7b20_4,np_eXoyZJwfsXKv-zslQGovyEbYd6iUPg,021、好大一份见面礼
bd_b4201212e0924d79bbc7fa49504f2643_4,np_KHxsLpxH2HetrjMjK28tyhOLI_qvb3cpOSSYQIt1_PtVJQ,第二十六章  贱人开门
ts_220a75cbdb8b4e7699a63dcd3e3d343f_4,np_IXw-K8tHjHOu-zImK2x5yUnaI6uuOiMmbnjKEox2-vxVJQ,第21章：睡在一起，真有野心！
074fc92da1f64e0993f84cea1246fa59_4,np_KCptKZ5GjSOpqG8kKzh7yRPXJKqqPiEqbymYQo8lqvJVJQ,第8章：被拳打脚踢
ccbedea54de34857b128fef2f37af63d_4,np_cyhsKJhEin7882wiKz0lykjeJqn7Oyl9bimbSY9w_alVJQ,第二十章 男朋友
ts_661dd105f1ac4b77b1ba2bfd0dfee8d3_4,-2,no vip article
5888cd05820f4f3fb97e5535718259d4_4,np_Jyc9L5lB33__rmtzKzl5zEnfIa36PCArbn7KQ9sk_PJVJQ,第7章 落井下石
bd_890986cdc39044699146eab046c492f6_4,np_KSdsLcxD3CKs_G53K2N7yBDcf62oPSYtaiSYFYt-_f5VJQ,第21章 苏简安遭人肉
bd_cc2438d9bdda41ac9d87ca02d974901e_4,np_eXoyZJwfsXWg-zohQG0qy0TacMb_,016.吻别
ts_e1b359c5270b409f89e0cd713f4d6bf7_4,np_KCc5KcpH2iX8-DlwK2IunkjcJqH6bCYsbi3FSI0mqv1VJQ,第19章 离家出走
bd_a2066048015149f186ccc4561e6e4103_4,np_eXoyZJwfsXSp-TwnQGwty0TYc8b_,第18章 索取报酬
84faa41391a74d7b816622fc1d3c0457_4,np_KC9tK8wT2yL68z4kKz4vnkjZJaz4P3MuYiScF9Zzq6hVJQ,第十九章 你斗不过他的
ts_c93530126f0740f492fedde4f9582daf_4,-2,no vip article
ts_35730aa1333248e7a9439bf01319a38a_4,np_JXlpf89AiHX_rzojK2som0jbcKr8MnMpYi3JFNl0qPNVJQ,第十六章：他刚好不喜欢麻烦事多的女人
bd_a4e4810a43e440c3841fd4620a666c2f_4,-2,no vip article
bd_7f03a95def564b9ea48c16c86aead10a_4,np_IipifJkX136s_jNwKz8ryhPbdKzzb3Asa37OF9d_-q1VJQ,第十四章 怎么会？
ts_28bc69cc70924507bec28dc513730e1f_4,np_Ji89KMtI2yKu-D8kK2N4mUmNdq34PyF6PSzFRth-oPxVJQ,第19章：她连女奴都不如
ts_f91b29a6669f488b9e7ea191f2846a2b_4,np_cnpqe5lA2n6u-jsoK294zkmLcqGqPnN7bi2fQ99_qvNVJQ,第19章：一声亲爱的，让她起了一身鸡皮疙瘩
