sourceUuid,vipArticleUuidfromCSV,vipArticleUuidfromNet
np_c3sEL8RBi3Gu_jgpLD9-yUiMcvj5MnAuPiyZRt9_ra06IS4EKQ,np_eXoyZJwfsXSq_j8mQGwlzkPWcMb_1,np_eXoyZJwfsXSq_j8mQGwlzkPWcMb_
ts_86d50b99b5f6426ea2f3b653c06c07b8_4,总裁爹地宠上瘾,np_eXoyZJwfsXSq_j8mQGwlzkPWcMb_
ts_81a508b00c174f17b1faa154ee75fb32_4,帝少的千亿萌妻,np_eXoyZJwfsXSq_j8mQGwlzkPWcMb_
ts_5f5eacb7f85e4eceb9f54ad8e0461359_4,乡村妖孽神医,np_eXoyZJwfsXSq_j8mQGwlzkPWcMb_
e24de28fdecc439d88ab7aaf32dca575_4,极品村支书,np_eXoyZJwfsXSq_j8mQGwlzkPWcMb_
4f80b2ba559f4909b034e523d923ff93_4,桃运小村医,np_eXoyZJwfsXSq_j8mQGwlzkPWcMb_
ts_0c9ea4f7af584bedb438a3f67cef9634_4,季先生的旧爱新妻,np_eXoyZJwfsXSq_j8mQGwlzkPWcMb_
ts_d62e63be9a7246ca8c00820c23375144_4,蚀骨闪婚：神秘总裁的私宠,np_eXoyZJwfsXSq_j8mQGwlzkPWcMb_
a028da7ad0104a07be94f87e21426fab_4,在水一方,np_eXoyZJwfsXSq_j8mQGwlzkPWcMb_
ts_1aa2af3043374635857536f9c1a15e36_4,妈咪你被通缉了,np_eXoyZJwfsXSq_j8mQGwlzkPWcMb_
8e2a20fc1103411eabe13594cd4fd9b1_4,一胎二宝：神秘老公请签收,np_eXoyZJwfsXSq_j8mQGwlzkPWcMb_
71d91f3bd3de419b8dbdf9d7d594bc57_4,影后归来：霍少，狠狠宠,np_eXoyZJwfsXSq_j8mQGwlzkPWcMb_
ts_65632699e32747b2b8d5c3f8fe0dbce8_4,医途,np_eXoyZJwfsXSq_j8mQGwlzkPWcMb_
ts_f9883b2eac154ab78938e9bf24c10867_4,花容月貌,np_eXoyZJwfsXSq_j8mQGwlzkPWcMb_
593af2b31c974655b82286b62afd8778_4,闪婚成爱：前夫请出局,np_eXoyZJwfsXSq_j8mQGwlzkPWcMb_
ts_ddae303e026f40f6b6a786ed79f6974f_4,年少当自强,np_eXoyZJwfsXSq_j8mQGwlzkPWcMb_
ts_2da3d0e6130c4898a07c834439a8ef81_4,娇妻之殇,np_eXoyZJwfsXSq_j8mQGwlzkPWcMb_
ts_5a6ed926310946c7ab047dcc90a52dd0_4,辣手狂医,np_eXoyZJwfsXSq_j8mQGwlzkPWcMb_
ts_10db28861aa249de8e01fc51dfd05f16_4,婚途漫漫：总裁大人情深似海,np_eXoyZJwfsXSq_j8mQGwlzkPWcMb_
ts_66591a17fd864255ad201f4395f658d7_4,娶一赠一，娇妻有喜了,np_eXoyZJwfsXSq_j8mQGwlzkPWcMb_
ts_0eeee853a71a4cebad2c8e769a1d1956_4,情难自控：首席的温柔陷阱,np_eXoyZJwfsXSq_j8mQGwlzkPWcMb_
